Carl Carlson,simpsons/Carl_Carlson.png
Barney,simpsons/Barney.jpg
Dolphin Starbeam,simpsons/Dolphin_Starbeam.png
Grandpa,simpsons/Grandpa.jpg
Edna Krabappel,simpsons/Edna_Krabappel.jpg
Duffman,simpsons/Duffman.jpg
Martin Prince,simpsons/Martin_Prince.png
Homer Simpson,simpsons/Homer.jpg
Ned Flanders,simpsons/Ned_Flanders.jpg
Jimbo Jones,simpsons/Jimbo_Jones.png
Itchy,simpsons/Itchy.gif
Comic Guy,simpsons/comic_guy.png
Kearney,simpsons/Kearney.png
Tod Flanders,simpsons/Flanders.jpg
Mr Burns,simpsons/Mr_Burns.jpg
Brandine Del Roy,simpsons/Brandine_Del_Roy.png
Maggie,simpsons/Maggie.jpg
Krusty,simpsons/Krusty.jpg
Lisa Simpson,simpsons/LisaSimpson.gif
Symour Skinner,simpsons/Skinner2.jpg
Sideshow Bob,simpsons/Sideshow_Bob.jpg
Rod Flanders,simpsons/Flanders3.jpg
Nelson,simpsons/Nelson.jpg
Blinky,simpsons/Blinky.jpg
Smithers,simpsons/Smithers.gif
Clancy Wiggum,simpsons/Clancy_Wiggum.png
Maude Flanders,simpsons/Maude_Flanders.png
Julius Hibbert,simpsons/Julius_Hibbert.png
Milhouse,simpsons/Milhouse.jpg
Bart,simpsons/bart.jpg
Marge,simpsons/Marge.jpg
Apu,simpsons/Apu.jpg
Cat Woman,simpsons/Cat_Woman.jpg
Skinner,simpsons/Skinner.jpg
Cletus Del Roy,simpsons/Cletus_Del_Roy.png
Moe,simpsons/Moe.jpg
Willy,simpsons/Willy.jpg
Mel,simpsons/Mel.jpg
